Timestamp,header_stamp_sec,header_stamp_nanosec,header_frame_id,poses
1765492332.4995203,25,812000000,map,<array len=793>
1765492333.5505915,26,835000000,map,<array len=826>
1765492334.9329476,28,179000000,map,<array len=602>
1765492335.967208,29,190000000,map,<array len=573>
1765492337.008902,30,204000000,map,<array len=544>
1765492338.038162,31,209000000,map,<array len=490>
1765492339.062841,32,217000000,map,<array len=469>
1765492340.0831614,33,213000000,map,<array len=448>
1765492341.1133912,34,212000000,map,<array len=428>
1765492342.1520085,35,226000000,map,<array len=407>
1765492343.1836412,36,228000000,map,<array len=387>
1765492344.2237535,37,242000000,map,<array len=363>
1765492345.2547946,38,241000000,map,<array len=343>
1765492346.2939339,39,258000000,map,<array len=322>
1765492347.333037,40,278000000,map,<array len=302>
1765492347.6658638,40,278000000,map,<array len=302>
1765492347.7158637,40,278000000,map,<array len=302>
1765492347.7658637,40,278000000,map,<array len=302>
1765492347.8158636,40,278000000,map,<array len=302>
1765492347.8658636,40,278000000,map,<array len=302>
1765492347.9158635,40,278000000,map,<array len=302>
1765492347.9658635,40,278000000,map,<array len=302>
1765492348.0158632,40,278000000,map,<array len=302>
1765492348.0658634,40,278000000,map,<array len=302>
1765492348.1158633,40,278000000,map,<array len=302>
1765492348.1658633,40,278000000,map,<array len=302>
1765492348.2158632,40,278000000,map,<array len=302>
1765492348.2658632,40,278000000,map,<array len=302>
1765492348.3158631,40,278000000,map,<array len=302>
1765492348.365863,40,278000000,map,<array len=302>
1765492348.415863,40,278000000,map,<array len=302>
1765492348.465863,40,278000000,map,<array len=302>
1765492348.515863,40,278000000,map,<array len=302>
1765492348.565863,40,278000000,map,<array len=302>
1765492348.6158628,40,278000000,map,<array len=302>
1765492348.6658628,40,278000000,map,<array len=302>
1765492348.7158628,40,278000000,map,<array len=302>
1765492348.7658627,40,278000000,map,<array len=302>
1765492348.8158624,40,278000000,map,<array len=302>
1765492348.8658626,40,278000000,map,<array len=302>
1765492348.9158626,40,278000000,map,<array len=302>
1765492348.9658625,40,278000000,map,<array len=302>
1765492349.0158625,40,278000000,map,<array len=302>
1765492349.0658624,40,278000000,map,<array len=302>
1765492349.1158624,40,278000000,map,<array len=302>
1765492349.1658623,40,278000000,map,<array len=302>
1765492349.2158623,40,278000000,map,<array len=302>
1765492349.2658622,40,278000000,map,<array len=302>
1765492349.3158622,40,278000000,map,<array len=302>
1765492349.3658621,40,278000000,map,<array len=302>
1765492349.415862,40,278000000,map,<array len=302>
1765492349.465862,40,278000000,map,<array len=302>
1765492349.515862,40,278000000,map,<array len=302>
1765492349.565862,40,278000000,map,<array len=302>
1765492349.6158621,40,278000000,map,<array len=302>
1765492349.6658618,40,278000000,map,<array len=302>
1765492349.7158618,40,278000000,map,<array len=302>
1765492349.7658617,40,278000000,map,<array len=302>
1765492349.8158617,40,278000000,map,<array len=302>
1765492349.8658617,40,278000000,map,<array len=302>
1765492349.9158616,40,278000000,map,<array len=302>
1765492349.9658616,40,278000000,map,<array len=302>
1765492350.0158615,40,278000000,map,<array len=302>
1765492350.0658615,40,278000000,map,<array len=302>
1765492350.1158614,40,278000000,map,<array len=302>
1765492350.1658614,40,278000000,map,<array len=302>
1765492350.2158613,40,278000000,map,<array len=302>
1765492350.2658613,40,278000000,map,<array len=302>
1765492350.3158612,40,278000000,map,<array len=302>
1765492350.3658612,40,278000000,map,<array len=302>
1765492350.4158611,40,278000000,map,<array len=302>
1765492350.465861,40,278000000,map,<array len=302>
1765492350.515861,40,278000000,map,<array len=302>
1765492350.5658607,40,278000000,map,<array len=302>
1765492350.615861,40,278000000,map,<array len=302>
1765492350.665861,40,278000000,map,<array len=302>
1765492350.7158608,40,278000000,map,<array len=302>
1765492350.7658608,40,278000000,map,<array len=302>
1765492350.8158607,40,278000000,map,<array len=302>
1765492350.8658607,40,278000000,map,<array len=302>
1765492350.9158607,40,278000000,map,<array len=302>
1765492350.9658606,40,278000000,map,<array len=302>
1765492351.0158606,40,278000000,map,<array len=302>
1765492351.0658605,40,278000000,map,<array len=302>
1765492351.1158605,40,278000000,map,<array len=302>
1765492351.1658604,40,278000000,map,<array len=302>
1765492351.2158604,40,278000000,map,<array len=302>
1765492351.2658603,40,278000000,map,<array len=302>
1765492351.3158603,40,278000000,map,<array len=302>
1765492351.36586,40,278000000,map,<array len=302>
1765492351.4158602,40,278000000,map,<array len=302>
1765492351.4658601,40,278000000,map,<array len=302>
1765492351.51586,40,278000000,map,<array len=302>
1765492351.56586,40,278000000,map,<array len=302>
1765492351.61586,40,278000000,map,<array len=302>
1765492351.66586,40,278000000,map,<array len=302>
1765492351.71586,40,278000000,map,<array len=302>
1765492351.7658598,40,278000000,map,<array len=302>
1765492351.8158598,40,278000000,map,<array len=302>
1765492351.8658597,40,278000000,map,<array len=302>
1765492351.9158597,40,278000000,map,<array len=302>
1765492351.9658597,40,278000000,map,<array len=302>
1765492352.0158596,40,278000000,map,<array len=302>
1765492352.0658596,40,278000000,map,<array len=302>
1765492352.1158595,40,278000000,map,<array len=302>
1765492352.1658597,40,278000000,map,<array len=302>
1765492352.2158594,40,278000000,map,<array len=302>
1765492352.2658594,40,278000000,map,<array len=302>
1765492352.3158593,40,278000000,map,<array len=302>
1765492352.3658593,40,278000000,map,<array len=302>
1765492352.4158592,40,278000000,map,<array len=302>
1765492352.4658592,40,278000000,map,<array len=302>
1765492352.5158591,40,278000000,map,<array len=302>
1765492352.565859,40,278000000,map,<array len=302>
1765492352.615859,40,278000000,map,<array len=302>
1765492352.665859,40,278000000,map,<array len=302>
1765492352.715859,40,278000000,map,<array len=302>
1765492352.765859,40,278000000,map,<array len=302>
1765492352.8158588,40,278000000,map,<array len=302>
1765492352.8658588,40,278000000,map,<array len=302>
1765492352.9158587,40,278000000,map,<array len=302>
1765492352.9658587,40,278000000,map,<array len=302>
1765492353.0158587,40,278000000,map,<array len=302>
1765492353.0658586,40,278000000,map,<array len=302>
1765492353.1158583,40,278000000,map,<array len=302>
1765492353.1658585,40,278000000,map,<array len=302>
1765492353.2158585,40,278000000,map,<array len=302>
1765492353.2658584,40,278000000,map,<array len=302>
1765492353.3158584,40,278000000,map,<array len=302>
1765492353.3658583,40,278000000,map,<array len=302>
1765492353.4158583,40,278000000,map,<array len=302>
1765492353.4658582,40,278000000,map,<array len=302>
1765492353.5158582,40,278000000,map,<array len=302>
1765492353.5658581,40,278000000,map,<array len=302>
1765492353.615858,40,278000000,map,<array len=302>
1765492353.665858,40,278000000,map,<array len=302>
1765492353.715858,40,278000000,map,<array len=302>
1765492353.765858,40,278000000,map,<array len=302>
1765492353.815858,40,278000000,map,<array len=302>
1765492353.8658578,40,278000000,map,<array len=302>
1765492353.9158576,40,278000000,map,<array len=302>
1765492353.9658577,40,278000000,map,<array len=302>
1765492354.0158577,40,278000000,map,<array len=302>
1765492354.0658576,40,278000000,map,<array len=302>
1765492354.1158576,40,278000000,map,<array len=302>
1765492354.1658576,40,278000000,map,<array len=302>
1765492354.2158575,40,278000000,map,<array len=302>
1765492354.2658575,40,278000000,map,<array len=302>
1765492354.3158574,40,278000000,map,<array len=302>
1765492354.3658574,40,278000000,map,<array len=302>
1765492354.4158573,40,278000000,map,<array len=302>
1765492354.4658573,40,278000000,map,<array len=302>
1765492354.5158572,40,278000000,map,<array len=302>
1765492354.5658572,40,278000000,map,<array len=302>
1765492354.6158571,40,278000000,map,<array len=302>
1765492354.665857,40,278000000,map,<array len=302>
1765492354.7158573,40,278000000,map,<array len=302>
1765492354.765857,40,278000000,map,<array len=302>
1765492354.815857,40,278000000,map,<array len=302>
1765492354.865857,40,278000000,map,<array len=302>
1765492354.9158568,40,278000000,map,<array len=302>
1765492354.9658568,40,278000000,map,<array len=302>
1765492355.0158567,40,278000000,map,<array len=302>
1765492355.0658567,40,278000000,map,<array len=302>
1765492355.1158566,40,278000000,map,<array len=302>
1765492355.1658566,40,278000000,map,<array len=302>
1765492355.2158566,40,278000000,map,<array len=302>
1765492355.2658565,40,278000000,map,<array len=302>
1765492355.3158565,40,278000000,map,<array len=302>
1765492355.3658564,40,278000000,map,<array len=302>
1765492355.4158564,40,278000000,map,<array len=302>
1765492355.4658563,40,278000000,map,<array len=302>
1765492355.5158563,40,278000000,map,<array len=302>
1765492355.5658562,40,278000000,map,<array len=302>
1765492355.6158562,40,278000000,map,<array len=302>
1765492355.665856,40,278000000,map,<array len=302>
1765492355.715856,40,278000000,map,<array len=302>
1765492355.765856,40,278000000,map,<array len=302>
1765492355.815856,40,278000000,map,<array len=302>
1765492355.865856,40,278000000,map,<array len=302>
1765492355.915856,40,278000000,map,<array len=302>
1765492355.9658558,40,278000000,map,<array len=302>
1765492356.0158558,40,278000000,map,<array len=302>
1765492356.0658557,40,278000000,map,<array len=302>
1765492356.1158557,40,278000000,map,<array len=302>
1765492356.1658556,40,278000000,map,<array len=302>
1765492356.2158556,40,278000000,map,<array len=302>
1765492356.2658556,40,278000000,map,<array len=302>
1765492356.3158555,40,278000000,map,<array len=302>
1765492356.3658555,40,278000000,map,<array len=302>
1765492356.4158554,40,278000000,map,<array len=302>
1765492356.4658556,40,278000000,map,<array len=302>
1765492356.5158553,40,278000000,map,<array len=302>
1765492356.5658553,40,278000000,map,<array len=302>
1765492356.6158552,40,278000000,map,<array len=302>
1765492356.6658552,40,278000000,map,<array len=302>
1765492356.7158551,40,278000000,map,<array len=302>
1765492356.765855,40,278000000,map,<array len=302>
1765492356.815855,40,278000000,map,<array len=302>
1765492356.865855,40,278000000,map,<array len=302>
1765492356.915855,40,278000000,map,<array len=302>
1765492356.965855,40,278000000,map,<array len=302>
1765492357.0158548,40,278000000,map,<array len=302>
1765492357.0658548,40,278000000,map,<array len=302>
1765492357.1158547,40,278000000,map,<array len=302>
1765492357.1658547,40,278000000,map,<array len=302>
1765492357.2158546,40,278000000,map,<array len=302>
1765492357.2658548,40,278000000,map,<array len=302>
1765492357.3158545,40,278000000,map,<array len=302>
1765492357.3658545,40,278000000,map,<array len=302>
1765492357.4158545,40,278000000,map,<array len=302>
1765492357.4658544,40,278000000,map,<array len=302>
1765492357.5158544,40,278000000,map,<array len=302>
1765492357.5658543,40,278000000,map,<array len=302>
1765492357.6158543,40,278000000,map,<array len=302>
1765492357.6658542,40,278000000,map,<array len=302>
1765492357.7158542,40,278000000,map,<array len=302>
1765492357.7658541,40,278000000,map,<array len=302>
1765492357.815854,40,278000000,map,<array len=302>
1765492357.865854,40,278000000,map,<array len=302>
1765492357.915854,40,278000000,map,<array len=302>
1765492357.965854,40,278000000,map,<array len=302>
1765492358.015854,40,278000000,map,<array len=302>
1765492358.0658538,40,278000000,map,<array len=302>
1765492358.1158538,40,278000000,map,<array len=302>
1765492358.1658537,40,278000000,map,<array len=302>
1765492358.2158535,40,278000000,map,<array len=302>
1765492358.2658536,40,278000000,map,<array len=302>
1765492358.3158536,40,278000000,map,<array len=302>
1765492358.3658535,40,278000000,map,<array len=302>
1765492358.4158535,40,278000000,map,<array len=302>
1765492358.4658535,40,278000000,map,<array len=302>
1765492358.5158534,40,278000000,map,<array len=302>
1765492358.5658534,40,278000000,map,<array len=302>
1765492358.6158533,40,278000000,map,<array len=302>
1765492358.6658533,40,278000000,map,<array len=302>
1765492358.7158532,40,278000000,map,<array len=302>
1765492358.7658532,40,278000000,map,<array len=302>
1765492358.815853,40,278000000,map,<array len=302>
1765492358.865853,40,278000000,map,<array len=302>
1765492358.915853,40,278000000,map,<array len=302>
1765492358.965853,40,278000000,map,<array len=302>
1765492359.0158532,40,278000000,map,<array len=302>
1765492359.0658529,40,278000000,map,<array len=302>
1765492359.1158528,40,278000000,map,<array len=302>
1765492359.1658528,40,278000000,map,<array len=302>
1765492359.2158527,40,278000000,map,<array len=302>
1765492359.2658527,40,278000000,map,<array len=302>
1765492359.3158526,40,278000000,map,<array len=302>
1765492359.3658526,40,278000000,map,<array len=302>
1765492359.4158525,40,278000000,map,<array len=302>
1765492359.4658525,40,278000000,map,<array len=302>
1765492359.5158525,40,278000000,map,<array len=302>
1765492359.5658524,40,278000000,map,<array len=302>
1765492359.6158524,40,278000000,map,<array len=302>
1765492359.6658523,40,278000000,map,<array len=302>
1765492359.7158523,40,278000000,map,<array len=302>
1765492359.7658522,40,278000000,map,<array len=302>
1765492359.8158524,40,278000000,map,<array len=302>
1765492359.865852,40,278000000,map,<array len=302>
1765492359.915852,40,278000000,map,<array len=302>
1765492359.965852,40,278000000,map,<array len=302>
1765492360.015852,40,278000000,map,<array len=302>
1765492360.065852,40,278000000,map,<array len=302>
1765492360.1158519,40,278000000,map,<array len=302>
1765492360.1658518,40,278000000,map,<array len=302>
1765492360.2158518,40,278000000,map,<array len=302>
1765492360.2658517,40,278000000,map,<array len=302>
1765492360.3158517,40,278000000,map,<array len=302>
1765492360.3658516,40,278000000,map,<array len=302>
1765492360.4158516,40,278000000,map,<array len=302>
1765492360.4658515,40,278000000,map,<array len=302>
1765492360.5158515,40,278000000,map,<array len=302>
1765492360.5658514,40,278000000,map,<array len=302>
1765492360.6158514,40,278000000,map,<array len=302>
1765492360.6658514,40,278000000,map,<array len=302>
1765492360.7158513,40,278000000,map,<array len=302>
1765492360.765851,40,278000000,map,<array len=302>
1765492360.8158512,40,278000000,map,<array len=302>
1765492360.8658512,40,278000000,map,<array len=302>
1765492360.915851,40,278000000,map,<array len=302>
1765492360.965851,40,278000000,map,<array len=302>
1765492361.015851,40,278000000,map,<array len=302>
1765492361.065851,40,278000000,map,<array len=302>
1765492361.115851,40,278000000,map,<array len=302>
1765492361.1658509,40,278000000,map,<array len=302>
1765492361.2158508,40,278000000,map,<array len=302>
1765492361.2658508,40,278000000,map,<array len=302>
1765492361.3158507,40,278000000,map,<array len=302>
1765492361.3658507,40,278000000,map,<array len=302>
1765492361.4158506,40,278000000,map,<array len=302>
1765492361.4658506,40,278000000,map,<array len=302>
1765492361.5158505,40,278000000,map,<array len=302>
1765492361.5658507,40,278000000,map,<array len=302>
1765492361.6158504,40,278000000,map,<array len=302>
1765492361.6658504,40,278000000,map,<array len=302>
1765492361.7158504,40,278000000,map,<array len=302>
1765492361.7658503,40,278000000,map,<array len=302>
1765492361.8158503,40,278000000,map,<array len=302>
1765492361.8658502,40,278000000,map,<array len=302>
1765492361.9158502,40,278000000,map,<array len=302>
1765492361.96585,40,278000000,map,<array len=302>
1765492362.01585,40,278000000,map,<array len=302>
1765492362.06585,40,278000000,map,<array len=302>
1765492362.11585,40,278000000,map,<array len=302>
1765492362.16585,40,278000000,map,<array len=302>
1765492362.2158499,40,278000000,map,<array len=302>
1765492362.2658498,40,278000000,map,<array len=302>
1765492362.3158498,40,278000000,map,<array len=302>
1765492362.36585,40,278000000,map,<array len=302>
1765492362.4158497,40,278000000,map,<array len=302>
1765492362.4658496,40,278000000,map,<array len=302>
1765492362.5158496,40,278000000,map,<array len=302>
1765492362.5658495,40,278000000,map,<array len=302>
1765492362.6158495,40,278000000,map,<array len=302>
1765492362.6658494,40,278000000,map,<array len=302>
1765492362.7158494,40,278000000,map,<array len=302>
1765492362.7658494,40,278000000,map,<array len=302>
1765492362.8158493,40,278000000,map,<array len=302>
1765492362.8658493,40,278000000,map,<array len=302>
1765492362.9158492,40,278000000,map,<array len=302>
1765492362.9658492,40,278000000,map,<array len=302>
1765492363.015849,40,278000000,map,<array len=302>
1765492363.065849,40,278000000,map,<array len=302>
1765492363.115849,40,278000000,map,<array len=302>
1765492363.165849,40,278000000,map,<array len=302>
1765492363.215849,40,278000000,map,<array len=302>
1765492363.2658489,40,278000000,map,<array len=302>
1765492363.3158486,40,278000000,map,<array len=302>
1765492363.3658488,40,278000000,map,<array len=302>
1765492363.4158487,40,278000000,map,<array len=302>
1765492363.4658487,40,278000000,map,<array len=302>
1765492363.5158486,40,278000000,map,<array len=302>
1765492363.5658486,40,278000000,map,<array len=302>
1765492363.6158485,40,278000000,map,<array len=302>
1765492363.6658485,40,278000000,map,<array len=302>
1765492363.7158484,40,278000000,map,<array len=302>
1765492363.7658484,40,278000000,map,<array len=302>
1765492363.8158484,40,278000000,map,<array len=302>
1765492363.8658483,40,278000000,map,<array len=302>
1765492363.9158483,40,278000000,map,<array len=302>
1765492363.9658482,40,278000000,map,<array len=302>
1765492364.0158482,40,278000000,map,<array len=302>
1765492364.065848,40,278000000,map,<array len=302>
1765492364.1158483,40,278000000,map,<array len=302>
1765492364.165848,40,278000000,map,<array len=302>
1765492364.215848,40,278000000,map,<array len=302>
1765492364.265848,40,278000000,map,<array len=302>
1765492364.3158479,40,278000000,map,<array len=302>
1765492364.3658478,40,278000000,map,<array len=302>
1765492364.4158478,40,278000000,map,<array len=302>
1765492364.4658477,40,278000000,map,<array len=302>
1765492364.5158477,40,278000000,map,<array len=302>
1765492364.5658476,40,278000000,map,<array len=302>
1765492364.6158476,40,278000000,map,<array len=302>
1765492364.6658475,40,278000000,map,<array len=302>
1765492364.7158475,40,278000000,map,<array len=302>
1765492364.7658474,40,278000000,map,<array len=302>
1765492364.8158474,40,278000000,map,<array len=302>
1765492364.8658473,40,278000000,map,<array len=302>
1765492364.9158475,40,278000000,map,<array len=302>
1765492364.9658473,40,278000000,map,<array len=302>
1765492365.0158472,40,278000000,map,<array len=302>
1765492365.0658472,40,278000000,map,<array len=302>
1765492365.115847,40,278000000,map,<array len=302>
1765492365.165847,40,278000000,map,<array len=302>
1765492365.215847,40,278000000,map,<array len=302>
1765492365.265847,40,278000000,map,<array len=302>
1765492365.315847,40,278000000,map,<array len=302>
1765492365.3658469,40,278000000,map,<array len=302>
1765492365.4158468,40,278000000,map,<array len=302>
1765492365.4658468,40,278000000,map,<array len=302>
1765492365.5158467,40,278000000,map,<array len=302>
1765492365.5658467,40,278000000,map,<array len=302>
1765492365.6158466,40,278000000,map,<array len=302>
1765492365.6658466,40,278000000,map,<array len=302>
1765492365.7158465,40,278000000,map,<array len=302>
1765492365.7658465,40,278000000,map,<array len=302>
1765492365.8158464,40,278000000,map,<array len=302>
1765492365.8658462,40,278000000,map,<array len=302>
1765492365.9158463,40,278000000,map,<array len=302>
1765492365.9658463,40,278000000,map,<array len=302>
1765492366.0158463,40,278000000,map,<array len=302>
1765492366.0658462,40,278000000,map,<array len=302>
1765492366.1158462,40,278000000,map,<array len=302>
1765492366.165846,40,278000000,map,<array len=302>
1765492366.215846,40,278000000,map,<array len=302>
1765492366.265846,40,278000000,map,<array len=302>
1765492366.315846,40,278000000,map,<array len=302>
1765492366.365846,40,278000000,map,<array len=302>
1765492366.4158459,40,278000000,map,<array len=302>
1765492366.4658458,40,278000000,map,<array len=302>
1765492366.5158458,40,278000000,map,<array len=302>
1765492366.5658457,40,278000000,map,<array len=302>
1765492366.6158457,40,278000000,map,<array len=302>
1765492366.6658459,40,278000000,map,<array len=302>
1765492366.7158456,40,278000000,map,<array len=302>
1765492366.7658455,40,278000000,map,<array len=302>
1765492366.8158455,40,278000000,map,<array len=302>
1765492366.8658454,40,278000000,map,<array len=302>
1765492366.9158454,40,278000000,map,<array len=302>
1765492366.9658453,40,278000000,map,<array len=302>
1765492367.0158453,40,278000000,map,<array len=302>
1765492367.0658453,40,278000000,map,<array len=302>
1765492367.1158452,40,278000000,map,<array len=302>
1765492367.1658452,40,278000000,map,<array len=302>
1765492367.215845,40,278000000,map,<array len=302>
1765492367.265845,40,278000000,map,<array len=302>
1765492367.315845,40,278000000,map,<array len=302>
1765492367.365845,40,278000000,map,<array len=302>
1765492367.415845,40,278000000,map,<array len=302>
1765492367.465845,40,278000000,map,<array len=302>
1765492367.5158448,40,278000000,map,<array len=302>
1765492367.5658448,40,278000000,map,<array len=302>
1765492367.6158447,40,278000000,map,<array len=302>
1765492367.6658447,40,278000000,map,<array len=302>
1765492367.7158446,40,278000000,map,<array len=302>
1765492367.7658446,40,278000000,map,<array len=302>
1765492367.8158445,40,278000000,map,<array len=302>
1765492367.8658445,40,278000000,map,<array len=302>
1765492367.9158444,40,278000000,map,<array len=302>
1765492367.9658444,40,278000000,map,<array len=302>
1765492368.0158443,40,278000000,map,<array len=302>
1765492368.0658443,40,278000000,map,<array len=302>
1765492368.1158442,40,278000000,map,<array len=302>
1765492368.1658442,40,278000000,map,<array len=302>
1765492368.2158442,40,278000000,map,<array len=302>
1765492368.265844,40,278000000,map,<array len=302>
1765492368.315844,40,278000000,map,<array len=302>
1765492368.365844,40,278000000,map,<array len=302>
1765492368.4158437,40,278000000,map,<array len=302>
1765492368.465844,40,278000000,map,<array len=302>
1765492368.5158439,40,278000000,map,<array len=302>
1765492368.5658438,40,278000000,map,<array len=302>
1765492368.6158438,40,278000000,map,<array len=302>
1765492368.6658437,40,278000000,map,<array len=302>
1765492368.7158437,40,278000000,map,<array len=302>
1765492368.7658436,40,278000000,map,<array len=302>
1765492368.8158436,40,278000000,map,<array len=302>
1765492368.8658435,40,278000000,map,<array len=302>
1765492368.9158435,40,278000000,map,<array len=302>
1765492368.9658434,40,278000000,map,<array len=302>
1765492369.0158434,40,278000000,map,<array len=302>
1765492369.0658433,40,278000000,map,<array len=302>
1765492369.1158433,40,278000000,map,<array len=302>
1765492369.1658432,40,278000000,map,<array len=302>
1765492369.2158434,40,278000000,map,<array len=302>
1765492369.2658432,40,278000000,map,<array len=302>
1765492369.315843,40,278000000,map,<array len=302>
1765492369.365843,40,278000000,map,<array len=302>
1765492369.415843,40,278000000,map,<array len=302>
1765492369.465843,40,278000000,map,<array len=302>
1765492369.515843,40,278000000,map,<array len=302>
1765492369.5658429,40,278000000,map,<array len=302>
1765492369.6158428,40,278000000,map,<array len=302>
1765492369.6658428,40,278000000,map,<array len=302>
1765492369.7158427,40,278000000,map,<array len=302>
1765492369.7658427,40,278000000,map,<array len=302>
1765492369.8158426,40,278000000,map,<array len=302>
1765492369.8658426,40,278000000,map,<array len=302>
1765492369.9158425,40,278000000,map,<array len=302>
1765492369.9658425,40,278000000,map,<array len=302>
1765492370.0158427,40,278000000,map,<array len=302>
1765492370.0658424,40,278000000,map,<array len=302>
1765492370.1158423,40,278000000,map,<array len=302>
1765492370.1658423,40,278000000,map,<array len=302>
1765492370.2158422,40,278000000,map,<array len=302>
1765492370.2658422,40,278000000,map,<array len=302>
1765492370.3158422,40,278000000,map,<array len=302>
1765492370.365842,40,278000000,map,<array len=302>
1765492370.415842,40,278000000,map,<array len=302>
1765492370.465842,40,278000000,map,<array len=302>
1765492370.515842,40,278000000,map,<array len=302>
1765492370.565842,40,278000000,map,<array len=302>
1765492370.6158419,40,278000000,map,<array len=302>
1765492370.6658418,40,278000000,map,<array len=302>
1765492370.7158418,40,278000000,map,<array len=302>
1765492370.7658417,40,278000000,map,<array len=302>
1765492370.8158417,40,278000000,map,<array len=302>
1765492370.8658416,40,278000000,map,<array len=302>
1765492370.9158416,40,278000000,map,<array len=302>
1765492370.9658413,40,278000000,map,<array len=302>
1765492371.0158415,40,278000000,map,<array len=302>
1765492371.0658414,40,278000000,map,<array len=302>
1765492371.1158414,40,278000000,map,<array len=302>
1765492371.1658413,40,278000000,map,<array len=302>
1765492371.2158413,40,278000000,map,<array len=302>
1765492371.2658412,40,278000000,map,<array len=302>
1765492371.3158412,40,278000000,map,<array len=302>
1765492371.3658412,40,278000000,map,<array len=302>
1765492371.415841,40,278000000,map,<array len=302>
1765492371.465841,40,278000000,map,<array len=302>
1765492371.515841,40,278000000,map,<array len=302>
1765492371.565841,40,278000000,map,<array len=302>
1765492371.615841,40,278000000,map,<array len=302>
1765492371.6658409,40,278000000,map,<array len=302>
1765492371.7158408,40,278000000,map,<array len=302>
1765492371.765841,40,278000000,map,<array len=302>
1765492371.8158407,40,278000000,map,<array len=302>
1765492371.8658407,40,278000000,map,<array len=302>
1765492371.9158406,40,278000000,map,<array len=302>
1765492371.9658406,40,278000000,map,<array len=302>
1765492372.0158405,40,278000000,map,<array len=302>
1765492372.0658405,40,278000000,map,<array len=302>
1765492372.1158404,40,278000000,map,<array len=302>
1765492372.1658404,40,278000000,map,<array len=302>
1765492372.2158403,40,278000000,map,<array len=302>
1765492372.2658403,40,278000000,map,<array len=302>
1765492372.3158402,40,278000000,map,<array len=302>
1765492372.3658402,40,278000000,map,<array len=302>
1765492372.4158401,40,278000000,map,<array len=302>
1765492372.46584,40,278000000,map,<array len=302>
1765492372.51584,40,278000000,map,<array len=302>
1765492372.5658402,40,278000000,map,<array len=302>
1765492372.61584,40,278000000,map,<array len=302>
1765492372.66584,40,278000000,map,<array len=302>
1765492372.7158399,40,278000000,map,<array len=302>
1765492372.7658398,40,278000000,map,<array len=302>
1765492372.8158398,40,278000000,map,<array len=302>
1765492372.8658397,40,278000000,map,<array len=302>
1765492372.9158397,40,278000000,map,<array len=302>
1765492372.9658396,40,278000000,map,<array len=302>
1765492373.0158396,40,278000000,map,<array len=302>
1765492373.0658395,40,278000000,map,<array len=302>
1765492373.1158395,40,278000000,map,<array len=302>
1765492373.1658394,40,278000000,map,<array len=302>
1765492373.2158394,40,278000000,map,<array len=302>
1765492373.2658393,40,278000000,map,<array len=302>
1765492373.3158393,40,278000000,map,<array len=302>
1765492373.3658392,40,278000000,map,<array len=302>
1765492373.4158392,40,278000000,map,<array len=302>
1765492373.4658391,40,278000000,map,<array len=302>
1765492373.5158389,40,278000000,map,<array len=302>
1765492373.565839,40,278000000,map,<array len=302>
1765492373.615839,40,278000000,map,<array len=302>
1765492373.665839,40,278000000,map,<array len=302>
1765492373.715839,40,278000000,map,<array len=302>
1765492373.7658389,40,278000000,map,<array len=302>
1765492373.8158388,40,278000000,map,<array len=302>
1765492373.8658388,40,278000000,map,<array len=302>
1765492373.9158387,40,278000000,map,<array len=302>
1765492373.9658387,40,278000000,map,<array len=302>
1765492374.0158386,40,278000000,map,<array len=302>
1765492374.0658386,40,278000000,map,<array len=302>
1765492374.1158385,40,278000000,map,<array len=302>
1765492374.1658385,40,278000000,map,<array len=302>
1765492374.2158384,40,278000000,map,<array len=302>
1765492374.2658384,40,278000000,map,<array len=302>
1765492374.3158386,40,278000000,map,<array len=302>
1765492374.3658383,40,278000000,map,<array len=302>
1765492374.4158382,40,278000000,map,<array len=302>
1765492374.4658382,40,278000000,map,<array len=302>
1765492374.5158381,40,278000000,map,<array len=302>
1765492374.565838,40,278000000,map,<array len=302>
1765492374.615838,40,278000000,map,<array len=302>
1765492374.665838,40,278000000,map,<array len=302>
1765492374.715838,40,278000000,map,<array len=302>
1765492374.765838,40,278000000,map,<array len=302>
1765492374.8158379,40,278000000,map,<array len=302>
1765492374.8658378,40,278000000,map,<array len=302>
1765492374.9158378,40,278000000,map,<array len=302>
1765492374.9658377,40,278000000,map,<array len=302>
1765492375.0158377,40,278000000,map,<array len=302>
1765492375.0658376,40,278000000,map,<array len=302>
1765492375.1158378,40,278000000,map,<array len=302>
1765492375.1658375,40,278000000,map,<array len=302>
1765492375.2158375,40,278000000,map,<array len=302>
1765492375.2658374,40,278000000,map,<array len=302>
1765492375.3158374,40,278000000,map,<array len=302>
1765492375.3658373,40,278000000,map,<array len=302>
1765492375.4158373,40,278000000,map,<array len=302>
1765492375.4658372,40,278000000,map,<array len=302>
1765492375.5158372,40,278000000,map,<array len=302>
1765492375.5658371,40,278000000,map,<array len=302>
1765492375.615837,40,278000000,map,<array len=302>
1765492375.665837,40,278000000,map,<array len=302>
1765492375.715837,40,278000000,map,<array len=302>
1765492375.765837,40,278000000,map,<array len=302>
1765492375.815837,40,278000000,map,<array len=302>
1765492375.8658369,40,278000000,map,<array len=302>
1765492375.9158368,40,278000000,map,<array len=302>
1765492375.9658368,40,278000000,map,<array len=302>
1765492376.0158367,40,278000000,map,<array len=302>
1765492376.0658364,40,278000000,map,<array len=302>
1765492376.1158366,40,278000000,map,<array len=302>
1765492376.1658366,40,278000000,map,<array len=302>
1765492376.2158365,40,278000000,map,<array len=302>
1765492376.2658365,40,278000000,map,<array len=302>
1765492376.3158364,40,278000000,map,<array len=302>
1765492376.3658364,40,278000000,map,<array len=302>
1765492376.4158363,40,278000000,map,<array len=302>
1765492376.4658363,40,278000000,map,<array len=302>
1765492376.5158362,40,278000000,map,<array len=302>
1765492376.5658362,40,278000000,map,<array len=302>
1765492376.6158361,40,278000000,map,<array len=302>
1765492376.665836,40,278000000,map,<array len=302>
1765492376.715836,40,278000000,map,<array len=302>
1765492376.765836,40,278000000,map,<array len=302>
1765492376.815836,40,278000000,map,<array len=302>
1765492376.8658361,40,278000000,map,<array len=302>
1765492376.9158359,40,278000000,map,<array len=302>
1765492376.9658358,40,278000000,map,<array len=302>
1765492377.0158358,40,278000000,map,<array len=302>
1765492377.0658357,40,278000000,map,<array len=302>
1765492377.1158357,40,278000000,map,<array len=302>
1765492377.1658356,40,278000000,map,<array len=302>
1765492377.2158356,40,278000000,map,<array len=302>
1765492377.2658355,40,278000000,map,<array len=302>
1765492377.3158355,40,278000000,map,<array len=302>
1765492377.3658354,40,278000000,map,<array len=302>
1765492377.4158354,40,278000000,map,<array len=302>
1765492377.4658353,40,278000000,map,<array len=302>
1765492377.5158353,40,278000000,map,<array len=302>
1765492377.5658352,40,278000000,map,<array len=302>
1765492377.6158352,40,278000000,map,<array len=302>
1765492377.6658354,40,278000000,map,<array len=302>
1765492377.715835,40,278000000,map,<array len=302>
1765492377.765835,40,278000000,map,<array len=302>
